Series,Part Number,Name,Subcategory
Global Acoord,2670-2,Upholstered High Back Knee-Tilter,Task Seating
Global Acoord,2670-4,Upholstered High Back Tilter,Task Seating
Global Acoord,2671-2,Upholstered Medium Back Knee-Tilter,Task Seating
Global Acoord,2671-4,Upholstered Medium Back Tilter,Task Seating
Global Acoord,2672-6,Upholstered Medium Back Stool,Stools
Global Acoord,2676-2,Mesh High Back Knee-Tilter,Task Seating
Global Acoord,2676-4,Mesh High Back Tilter,Task Seating
Global Acoord,2677-2,Mesh Medium Back Knee-Tilter,Task Seating
Global Acoord,2677-4,Mesh Medium Back Tilter,Task Seating
Global Acoord,2678-6,Mesh Medium Back Stool,Stools
Global Acoord,2670-4PB,"Upholstered High Back Tilter, Pedestal Base",Pedestal Base
Global Acoord,2671-4PB,"Upholstered Medium Back Tilter, Pedestal Base ",Pedestal Base
Global Acoord,2676-4PB,"Mesh High Back Tilter, Pedestal Base",Pedestal Base
Global Acoord,2677-4PB,"Mesh Medium Back Tilter, Pedestal Base",Pedestal Base
Luray,6460,Upholstered Extended High Back,Task Seating
Luray,6461,Upholstered High Back,Task Seating
Luray,6462,Upholstered Medium Back,Task Seating
Luray,6460PB,"Extended High Back, Pedestal Base",Pedestal Base
Luray,6461PB,"High Back, Pedestal Base",Pedestal Base
Luray,6462PB,"Medium Back, Pedestal Base",Pedestal Base
Solar,8456,"Medium Back Mesh Tilter, Asphalt Frame",Task Seating
Solar,8456NA,"Armless Mesh Seat & Back Tilter, Asphalt Frame",Armless Task Seating
Solar,8456S,"Mesh Seat & Back Stool, Asphalt Frame",Stools
Solar,8456SNA,"Armless Mesh Seat & Back Stool, Asphalt Frame ",Armless Stools
Solar,8457,"Mesh Seat & Back Tilter, Alabaster Frame",Task Seating
Solar,8457NA,"Armless Mesh Seat & Back Tilter, Alabaster Frame",Armless Task Seating
Solar,8457S,"Mesh Seat & Back Stool, Alabaster Frame",Stools
Solar,8457SNA,"Armless Mesh Seat & Back Stool, Alabaster Frame",Armless Stools
Prefer,8458,"Multi-Task Chair, Asphalt Frame & Base",Task Seating
Prefer,8458NA,"Armless Multi-Task Chair, Asphalt Frame & Base",Armless Task Seating
Prefer,8458S,"Height Adjustable Stool, Asphalt Frame & Base",Stools
Prefer,8458NAS,"Armless Height Adjustable Stool, Asphalt Frame & Base",Armless Stools
Prefer,8459,"Multi-Task Chair, Alabaster Frame & Base",Task Seating
Prefer,8459NA,"Armless Multi-Task Chair, Alabaster Frame & Base",Armless Task Seating
Prefer,8459S,"Height Adjustable Stool, Alabaster Frame & Base",Stools
Prefer,8459NAS,"Armless Height Adjustable Stool, Alabaster Frame & Base",Armless Stools
Kate,2811-4,Medium Back Tilter,Guest Seating
Kate,2811-8,Medium Back Swivel,Guest Seating
Kate,2813,Medium Back Armchair,Guest Seating
Kate,2814,Ottoman ,Ottomans
Roma,1876,Mesh Medium Back Height Adjustable Stool with Arms,Stools
Roma,1879,Honeycomb Polypropylene Medium Back Height Adjustable Stool with Arms,Stools
Roma,1897,Honeycomb Polypropylene Medium Back with Arms,Task Seating
Roma,1898,Honeycomb Polypropylene Medium Back Nesting Chair with Arms,Nesting Chairs
Roma,1899,Mesh Medium Back Nesting Chair with Arms,Nesting Chairs
Roma,1900,Flexible Polypropylene Medium Back Nesting Chair with Arms,Nesting Chairs
Roma,1901,"Mesh Medium Back, Armless",Armless Task Seating
Roma,1902,"Flexible Polypropylene Medium Back, Armless",Armless Task Seating
Roma,1903,"Upholstered Medium Back, Armless",Armless Task Seating
Roma,1906,Mesh Medium Back with Arms,Task Seating
Roma,1907,Flexible Polypropylene Medium Back with Arms,Task Seating
Roma,1908,Upholstered Medium Back with Arms,Task Seating
Graphic,2736,"Nylon Posture Back, Armless",Armless Task Seating
Graphic,2736MB,"Mesh Posture Back, Armless",Armless Task Seating
Graphic,2737,"Upholstered Posture Back, Armles",Task Seating
Graphic,2738,"Nylon Posture Back, Armless",Armless Task Seating
Graphic,2738MB,"Mesh Posture Back, Armless",Armless Task Seating
Graphic,2739,"Upholstered Posture Back, Armles",Task Seating
Graphic,2748,Nylon Posture Back Stool,Stools
Synopsis,5080-0,High Back Synchro-Tilter,Task Seating
Synopsis,5080-3,High Back Multi-Tilter ,Task Seating
Synopsis,5081-0,Medium Back Synchro-Tilter,Task Seating
Synopsis,5081-3,Medium Back Multi-Tilter,Task Seating
Synopsis,5090-4,High Back Tilter,Task Seating
Synopsis,5091-4,Medium Back Tilter,Task Seating
Synopsis,5092,Armchair ,Task Seating
Synopsis,5090-4PB,"High Back Tilter, Pedestal Base ",Pedestal Base
Synopsis,5091-4PB,"Medium Back Tilter, Pedestal Base",Pedestal Base
Tritek Ergo Select,7471-3,"Extended High Back Multi-Tilter, Small Seat ",Task Seating
Tritek Ergo Select,7472-3,"Extended High Back Multi-Tilter, Standard Seat",Task Seating
Tritek Ergo Select,7473-3,"Extended High Back Multi-Tilter, Generous Seat",Task Seating
Tritek Ergo Select,7481-3,"High Back Multi-Tilter, Small Seat",Task Seating
Tritek Ergo Select,7482-3,"High Back Multi-Tilter, Standard Seat",Task Seating
Tritek Ergo Select,7483-3,"High Back Multi-Tilter, Generous Seat",Task Seating
Tritek Ergo Select,7491-3,"Medium Back Multi-Tilter, Small Seat",Task Seating
Tritek Ergo Select,7492-3,"Medium Back Multi-Tilter, Standard Seat",Task Seating
Tritek Ergo Select,7493-3,"Medium Back Multi-Tilter, Generous Seat",Task Seating
Auburn,3767,High Back Tilter,Task Seating
Arturo,3991,Extended High Back Tilter,Task Seating
Arturo,3992,High Back Tilter ,Task Seating
Arturo,3993,Low Back Tilter,Task Seating
Concorde,2400-18,High Back Executive Multi-Tilter,Task Seating
Concorde,2409,High Back Presidential Synchro-Tilter,Task Seating
Solo,5225,Armchair ,Task Seating
Solo,5227,High Back Tilter,Task Seating
Solo,5228,Low Back Tilter,Task Seating
Enterprise,4560,High Back Tilter,Task Seating
Enterprise,4561,Medium Back Tilter,Task Seating
Enterprise,4565,Cantilever Armchair,Task Seating
Enterprise,4570-3,High Back Multi-Tilter,Task Seating
Enterprise,4571-3,Medium Back Multi-Tilter,Task Seating
Supra,5330-2,High Back Knee-Tilter,Task Seating
Supra,5330-4,High Back Tilter,Task Seating
Supra,5331-2,Medium Back Knee Tilter,Task Seating
Supra,5331-4,Medium Back Tilter,Task Seating
Supra,5332,Armchair ,Task Seating
Supra,5332C,"Armchair, Casters",Task Seating
Supra,5335,Cantilever Armchair,Task Seating
Traditional,3720,Queen Anne Style High Back Tilter ,Task Seating
Traditional,3722,Banker's Style Armchair ,Task Seating
Traditional,3742,Martha Washington Style Low Back Armchair ,Task Seating
Noetic,6070,Mesh Back Multi-Tilter,Task Seating
Noetic,6070NA,Armless Mesh Back Multi-Tilter,Armless Task Seating
Noetic,6071,Upholstered Back Multi-Tilter,Task Seating
Noetic,6071NA,Armless Upholstered Back Multi-Tilter ,Armless Task Seating
Noetic,6072,Mesh Back Task Basic Swivel,Task Seating
Noetic,6072NA,Armless Mesh Back Task Basic Swivel,Armless Task Seating
Noetic,6073,Upholstered Back Task Basic Swivel ,Task Seating
Noetic,6073NA,Armless Upholstered Back Task Basic Swivel,Armless Task Seating
Noetic,6074,Mesh Back Weight Sensing Synchro-Tilter ,Task Seating
Noetic,6074NA,Armless Mesh Back Weight Sensing Synchro-Tilter,Armless Task Seating
Noetic,6075,Upholstered Back Weight Sensing Synchro-Tilter,Task Seating
Noetic,6075NA,Armless Upholstered Back Weight Sensing Synchro-Tilter,Armless Task Seating
Noetic,6076,Mesh Back Height Adjustable Stool ,Stools
Noetic,6076NA,Armless Mesh Back Height Adjustable Stool,Armless Stools
Noetic,6077,Upholstered Back Height Adjustable Stool,Stools
Noetic,6077NA,Armless Upholstered Back Height Adjustable Stool,Armless Stools
Vion,6321-0,Mesh High Back Synchro-Tilter,Task Seating
Vion,6321-3,Mesh High Back Multi-Tilter ,Task Seating
Vion,6321-4,Mesh High Back Tilter,Task Seating
Vion,6321-6,Mesh High Back Task,Task Seating
Vion,6321-8,Mesh High Back Weight Sensing Synchro-Tilter ,Task Seating
Vion,6322-0,Mesh Medium Back Synchro-Tilter,Task Seating
Vion,6322-3,Mesh Medium Back Multi-Tilter,Task Seating
Vion,6322-4,Mesh Medium Back Tilter ,Task Seating
Vion,6322-6,Mesh Medium Back Task,Task Seating
Vion,6322-8,Mesh Medium Back Weight Sensing Synchro-Tilter,Task Seating
Vion,6323-6,Armless Mesh Medium Back Task,Armless Task Seating
Vion,6331-0,Upholstered High Back Synchro-Tilter,Task Seating
Vion,6331-3,Upholstered High Back Multi-Tilter ,Task Seating
Vion,6331-4,Upholstered High Back Tilter,Task Seating
Vion,6331-6,Upholstered High Back Task,Task Seating
Vion,6331-8,Upholstered High Back Weight Sensing Synchro-Tilter,Task Seating
Vion,6332-0,Upholstered Medium Back Synchro-Tilter,Task Seating
Vion,6332-3,Upholstered Medium Back Multi-Tilter ,Task Seating
Vion,6332-4,Upholstered Medium Back Tilter,Task Seating
Vion,6332-6,Upholstered Medium Back Task,Task Seating
Vion,6332-8,Upholstered Medium Back Weight Sensing Synchro-Tilter,Task Seating
Vion,6333-6,Armless Upholstered Medium Back Task,Armless Task Seating
Vion,GC6322-0,Mesh Medium Back Synchro-Tilter,Task Seating
Vion,GC6322-0,Mesh Medium Back Synchro-Tilter,Task Seating
Vion,GC6331-0,Upholstered High Back Synchro-Tilter ,Task Seating
Vion,GC6331-4,Upholstered High Back Tilter,Task Seating
Vion,6324,Armless Mesh Low Back Side Chair,Armless Guest Seating
Vion,6324C,"Armless Mesh Low Back Side Chair, Casters",Armless Guest Seating
Vion,6325,Mesh Low Back Armchair,Guest Seating
Vion,6325C,"Mesh Low Back Armchair, Casters",Guest Seating
Vion,6334,Armless Upholstered Low Back Side Chair ,Armless Guest Seating
Vion,6334C,"Armless Upholstered Low Back Side Chair, Casters",Armless Guest Seating
Vion,6335,Upholstered Low Back Armchair,Guest Seating
Vion,6335C,"Upholstered Low Back Armchair, Casters",Guest Seating
Vion,6321-4PB,"Mesh High Back Tilter, Pedestal Base ",Pedestal Base
Vion,6322-4PB,"Mesh Medium Back Tilter, Pedestal Base",Pedestal Base
Vion,6331-4PB,"Upholstered High Back Tilter, Pedestal Base",Pedestal Base
Vion,6332-4PB,"Upholstered Medium Back Tilter, Pedestal Base",Pedestal Base
Vion,6364-6PB,"Armless Mesh Low Back Task, Pedestal Base",Armless Pedestal Base
Vion,6364-6LPB,"Armless Mesh Low Back Task with Left Tablet, Pedestal Base",Armless Pedestal Base
Vion,6364-6RPB,"Armless Mesh Low Back Task with Right Tablet, Pedestal Base",Armless Pedestal Base
Vion,6374-6PB,"Armless Upholstered Low Back Task, Pedestal Base",Armless Pedestal Base
Vion,6374-6LPB,"Armless Upholstered Low Back Task with Left Tablet, Pedestal Base",Armless Pedestal Base
Vion,6374-6RPB,"Armless Upholstered Low Back Task with Right Tablet, Pedestal Base",Armless Pedestal Base
Vion,S6328-6,Mesh Medium Back Heavy Duty Height Adjustable Stool,Heavy Duty Seating
Vion,S6338-6,Upholstered Medium Back Heavy Duty Height Adjustable Stool,Heavy Duty Seating
Vion,TS6321-3,Mesh High Back Heavy Duty Multi-Tilter,Heavy Duty Seating
Vion,TS6322-3,Mesh Medium Back Heavy Duty Multi-Tilter,Heavy Duty Seating
Vion,TS6331-3,Upholstered High Back Heavy Duty Multi-Tilter,Heavy Duty Seating
Vion,TS6332-3,Upholstered Medium Back Heavy Duty Multi-Tilter,Heavy Duty Seating
Vion,6327-6,Armless Mesh Medium Back Height Adjustable Stool,Armless Stools
Vion,6328-6,Mesh Medium Back Height Adjustable Stool,Stools
Vion,6337-6,Armless Upholstered Medium Back Height Adjustable Stool,Armless Stools
Vion,6338-6,Upholstered Medium Back Height Adjustable Stool,Stools
Vion,6350,Mesh Back Bar Height Stool,Stools
Vion,6351,Armless Mesh Back Bar Height Stool,Armless Stools
Vion,6352,Mesh Back Counter Height Stool,Stools
Vion,6353,Armless Mesh Back Counter Height Stool,Armless Stools
Vion,6360,Upholstered Back Bar Height Stool,Stools
Vion,6361,Armless Upholstered Back Bar Height Stool,Armless Stools
Vion,6362,Upholstered Back Counter Height Stool,Stools
Vion,6363,Armless Upholstered Back Counter Height Stool,Armless Stools
Factor,5540,High Back,Task Seating
Factor,5540NA,"High Back, Armless",Armless Task Seating
Factor,5541,Medium Back,Task Seating
Factor,5541NA,"Medium Back, Armless",Armless Task Seating
Factor,5546,Medium Back Stool,Stools
Factor,5546NA,"Medium Back Stool, Armless",Armless Stools
Factor,5545AM,Mesh Back Armchair,Guest Seating
Factor,5545AMC,"Mesh Back Armchair, Casters",Guest Seating
Factor,5545NM,Armless Mesh Back Chair ,Armless Guest Seating
Factor,5545NMC,"Armless Mesh Back Chair, Casters",Armless Guest Seating
Sora,6941,High Back Weight Sensing Synchro-Tilter,Task Seating
Sora,6942,Medium Back Weight Sensing Synchro-Tilter ,Task Seating
Solar,8456,"Medium Back Mesh Tilter, Asphalt Frame",Task Seating
Solar,8456NA,"Armless Mesh Seat & Back Tilter, Asphalt Frame",Armless Task Seating
Solar,8456S,"Mesh Seat & Back Stool, Asphalt Frame",Stools
Solar,8456SNA,"Armless Mesh Seat & Back Stool, Asphalt Frame",Armless Stools
Solar,8457,"Mesh Seat & Back Tilter, Alabaster Frame",Task Seating
Solar,8457NA,"Armless Mesh Seat & Back Tilter, Alabaster Frame",Armless Task Seating
Solar,8457S,"Mesh Seat & Back Stool, Alabaster Frame",Stools
Solar,8457SNA,"Armless Mesh Seat & Back Stool, Alabaster Frame",Armless Stools
Prefer,8458,"Multi-Task Chair, Asphalt Frame & Base",Task Seating
Prefer,8458NA,"Armless Multi-Task Chair, Asphalt Frame & Base",Armless Task Seating
Prefer,8458S,"Height Adjustable Stool, Asphalt Frame & Base",Stools
Prefer,8458NAS,"Armless Height Adjustable Stool, Asphalt Frame & Base",Armless Stools
Prefer,8459,"Multi-Task Chair, Alabaster Frame & Base",Task Seating
Prefer,8459NA,"Armless Multi-Task Chair, Alabaster Frame & Base",Armless Task Seating
Prefer,8459S,"Height Adjustable Stool, Alabaster Frame & Base",Stools
Prefer,8459NAS,"Armless Height Adjustable Stool, Alabaster Frame & Base",Armless Stools
G1 Ergo Select,7331,Medium Back,Task Seating
G1 Ergo Select,7332,High Back,Task Seating
G1 Ergo Select,7333,Extended High Back,Task Seating
G1 Ergo Select,7336,Medium Back Stool,Stools
G1 Ergo Select,7336NA,Armless Medium Back Stool,Armless Stools
G1 Ergo Select,TS7331,Medium Back Heavy Duty,Heavy Duty Seating
G1 Ergo Select,TS7332,High Back Heavy Duty ,Heavy Duty Seating
G1 Ergo Select,TS7333,Extended High Back Heavy Duty,Heavy Duty Seating
Novello,6400,"Task, Upholstered Seat & Polypropylene Back",Task Seating
Novello,6401,"Armless Task, Upholstered Seat & Polypropylene Back ",Armless Task Seating
Novello,6402,"Task, Upholstered Seat & Back",Task Seating
Novello,6403,"Armless Task, Upholstered Seat & Back",Armless Task Seating
Novello,6410,"Height Adjustable Stool, Upholstered Seat & Polypropylene Back",Stools
Novello,6411,"Armless Height Adjustable Stool, Upholstered Seat & Polypropylene Back",Armless Stools
Novello,6412,"Height Adjustable Stool, Upholstered Seat & Back",Stools
Novello,6413,"Armless Height Adjustable Stool, Upholstered Seat & Back",Armless Stools
Novello,6400PB,"Task Chair, Upholstered Seat & Polypropylene Back, Pedestal Base ",Pedestal Base
Novello,6401PB,"Armless Task Chair, Upholstered Seat & Polypropylene Back, Pedestal Base",Armless Pedestal Base
Novello,6402PB,"Task Chair, Upholstered Seat & Back, Pedestal Base",Pedestal Base
Novello,6403PB,"Armless Task Chair, Upholstered Seat & Back, Pedestal Base",Armless Pedestal Base
Drift,8026,Ottoman ,Ottomans
Drift,8026S,"Ottoman, Sealed Seams",Ottomans
Drift,8023,"Side Chair, Sled Base",Lounge Side Chairs 
Drift,8023F,"Side Chair, Sled Base, Flip Forward Seat",Lounge Side Chairs 
Drift,8023P,"Side Chair, Sled Base, Arm Patches",Lounge Side Chairs 
Drift,8023PF,"Side Chair, Sled Base, Arm Patches, Flip Forward Seat",Lounge Side Chairs 
Drift,8024,"Low Back Lounge, Sled Base",Lounge Seating
Drift,8024F,"Low Back Lounge, Sled Base, Flip Forward Seat",Lounge Seating
Drift,8024P,"Low Back Lounge, Sled Base, Arm Patches",Lounge Seating
Drift,8024PF,"Low Back Lounge, Sled Base, Arm Patches, Flip Forward Seat",Lounge Seating
Drift,8016,"Mid Back Lounge, Sled Base",Lounge Seating
Drift,8016F,"Mid Back Lounge, Sled Base, Flip Forward Seat",Lounge Seating
Drift,8016P,"Mid Back Lounge, Sled Base, Arm Patches",Lounge Seating
Drift,8016PF,"Mid Back Lounge, Sled Base, Arm Patches, Flip Forward Seat",Lounge Seating
Drift,8028,"High Back Lounge, Sled Base",Lounge Seating
Drift,8028F,"High Back Lounge, Sled Base, Flip Forward Seat",Lounge Seating
Drift,8028P,"High Back Lounge, Sled Base, Arm Patches ",Lounge Seating
Drift,8028PF,"High Back Lounge, Sled Base, Arm Patches, Flip Forward Seat",Lounge Seating
Drift,8028PH,"High Back Lounge, Sled Base, Head & Arm Patches",Lounge Seating
Drift,8028PHF,"High Back Lounge, Sled Base, Head & Arm Patches, Flip Forward Seat",Lounge Seating
Drift,8030,"Side Chair, Four Leg Wood Base",Lounge Side Chairs 
Drift,8030F,"Side Chair, Four Leg Wood Base, Flip Forward Seat",Lounge Side Chairs 
Drift,8030P,"Side Chair, Four Leg Wood Base, Arm Patches",Lounge Side Chairs 
Drift,8030PF,"Side Chair, Four Leg Wood Base, Arm Patches, Flip Forward Seat",Lounge Side Chairs 
Drift,8025,"Low Back Lounge, Four Leg Wood Base",Lounge Seating
Drift,8025F,"Low Back Lounge, Four Leg Wood Base, Flip Forward Seat",Lounge Seating
Drift,8025P,"Low Back Lounge, Four Leg Wood Base, Arm Patches",Lounge Seating
Drift,8025PF,"Low Back Lounge, Four Leg Wood Base, Arm Patches, Flip Forward Seat",Lounge Seating
Drift,8027,"Mid Back Lounge, Four Leg Wood Base",Lounge Seating
Drift,8027F,"Mid Back Lounge, Four Leg Wood Base, Flip Forward Seat",Lounge Seating
Drift,8027P,"Mid Back Lounge, Four Leg Wood Base, Arm Patches",Lounge Seating
Drift,8027PF,"Mid Back Lounge, Four Leg Wood Base, Arm Patches, Flip Forward Seat",Lounge Seating
Drift,8029,"High Back Lounge, Four Leg Wood Base",Lounge Seating
Drift,8029F,"High Back Lounge, Four Leg Wood Base, Flip Forward Seat",Lounge Seating
Drift,8029P,"High Back Lounge, Four Leg Wood Base, Arm Patches",Lounge Seating
Drift,8029PF,"High Back Lounge, Four Leg Wood Base, Arm Patches, Flip Forward Seat",Lounge Seating
Drift,8029PH,"High Back Lounge, Four Leg Wood Base, Head & Arm Patches",Lounge Seating
Drift,8029PHF,"High Back Lounge, Four Leg Wood Base, Head & Arm Patches, Flip Forward Seat",Lounge Seating
Drift,8031,"Side Chair, Wood Swivel Base",Lounge Side Chairs 
Drift,8031F,"Side Chair, Wood Swivel Base, Flip Forward Seat",Lounge Side Chairs 
Drift,8031P,"Side Chair, Wood Swivel Base, Arm Patches",Lounge Side Chairs 
Drift,8031PF,"Side Chair, Wood Swivel Base, Arm Patches, Flip Forward Seat",Lounge Side Chairs 
Drift,8033,"Low Back Lounge, Wood Swivel Base",Lounge Seating
Drift,8033F,"Low Back Lounge, Wood Swivel Base, Flip Forward Seat",Lounge Seating
Drift,8033P,"Low Back Lounge, Wood Swivel Base, Arm Patches",Lounge Seating
Drift,8033PF,"Low Back Lounge, Wood Swivel Base, Arm Patches, Flip Forward Seat",Lounge Seating
Drift,8035,"Mid Back Lounge, Wood Swivel Base",Lounge Seating
Drift,8035F,"Mid Back Lounge, Wood Swivel Base, Flip Forward Seat",Lounge Seating
Drift,8035P,"Mid Back Lounge, Wood Swivel Base, Arm Patches",Lounge Seating
Drift,8035PF,"Mid Back Lounge, Wood Swivel Base, Arm Patches, Flip Forward Seat",Lounge Seating
Drift,8037,"High Back Lounge, Wood Swivel Base",Lounge Seating
Drift,8037F,"High Back Lounge, Wood Swivel Base, Flip Forward Seat",Lounge Seating
Drift,8037P,"High Back Lounge, Wood Swivel Base, Arm Patches",Lounge Seating
Drift,8037PF,"High Back Lounge, Wood Swivel Base, Arm Patches, Flip Forward Seat",Lounge Seating
Drift,8037PH,"High Back Lounge, Wood Swivel Base, Head & Arm Patches",Lounge Seating
Drift,8037PHF,"High Back Lounge, Wood Swivel Base, Head & Arm Patches, Flip Forward Seat",Lounge Seating
Drift,8032,"Side Chair, Chrome Swivel Base ",Lounge Side Chairs 
Drift,8032F,"Side Chair, Chrome Swivel Base, Flip Forward Seat",Lounge Side Chairs 
Drift,8032P,"Side Chair, Chrome Swivel Base, Arm Patches",Lounge Side Chairs 
Drift,8032PF,"Side Chair, Chrome Swivel Base, Arm Patches, Flip Forward Seat",Lounge Side Chairs 
Drift,8034,"Low Back Lounge, Chrome Swivel Base",Lounge Seating
Drift,8034F,"Low Back Lounge, Chrome Swivel Base, Flip Forward Seat",Lounge Seating
Drift,8034P,"Low Back Lounge, Chrome Swivel Base, Arm Patches",Lounge Seating
Drift,8034PF,"Low Back Lounge, Chrome Swivel Base, Arm Patches, Flip Forward Seat",Lounge Seating
Drift,8036,"Mid Back Lounge, Chrome Swivel Base",Lounge Seating
Drift,8036F,"Mid Back Lounge, Chrome Swivel Base, Flip Forward Seat",Lounge Seating
Drift,8036P,"Mid Back Lounge, Chrome Swivel Base, Arm Patches",Lounge Seating
Drift,8036PF,"Mid Back Lounge, Chrome Swivel Base, Arm Patches, Flip Forward Seat ",Lounge Seating
Drift,8038,"High Back Lounge, Chrome Swivel Base",Lounge Seating
Drift,8038F,"High Back Lounge, Chrome Swivel Base, Flip Forward Seat",Lounge Seating
Drift,8038P,"High Back Lounge, Chrome Swivel Base, Arm Patches",Lounge Seating
Drift,8038PF,"High Back Lounge, Chrome Swivel Base, Arm Patches, Flip Forward Seat",Lounge Seating
Drift,8038PH,"High Back Lounge, Chrome Swivel Base, Head & Arm Patches",Lounge Seating
Drift,8038PHF,"High Back Lounge, Chrome Swivel Base, Head & Arm Patches, Flip Forward Seat",Lounge Seating
Drift,8022,"Side Chair, Swivel Tilt, Five Star Base",Lounge Side Chairs 
Drift,8022P,"Side Chair, Swivel Tilt, Five Star Base, Arm Patches",Lounge Side Chairs 
Drift,8021,"Side Chair, High Four Star Swivel Base",Lounge Side Chairs 
Drift,8021P,"Side Chair, High Four Star Swivel Base, Arm Patches",Lounge Side Chairs 
Drift,8051,"Counter Stool, Sled Base",Stools
Drift,8052,"Counter Stool, Four Leg Wood Base",Stools
Drift,8053,"Counter Stool, Chrome Swivel Base",Stools
Drift,8054,"Bar Stool, Sled Base",Stools
Drift,8055,"Bar Stool, Four Leg Wood Base",Stools
Drift,8056,"Bar Stool, Chrome Swivel Base",Stools
Stream,2073APP,"Tilter, Polypropylene Seat & Back",Task Chairs
Stream,2073APU,"Tilter, Upholstered Seat & Polypropylene Back ",Task Chairs
Stream,2073AUU,"Tilter, Upholstered Seat & Back",Task Chairs
Stream,2073NPP,"Armless Tilter, Polypropylene Seat & Back",Armless Task Chairs
Stream,2073NPU,"Armless Tilter, Upholstered Seat & Polypropylene Back",Armless Task Chairs
Stream,2073NUU,"Armless Tilter, Upholstered Seat & Back",Armless Task Chairs
Stream,2074APP,"Height Adjustable Task Stool, Polypropylene Seat & Back",Stools
Stream,2074APU,"Height Adjustable Task Stool, Upholstered Seat & Polypropylene Back",Stools
Stream,2074AUU,"Height Adjustable Task Stool, Upholstered Seat & Back",Stools
Stream,2074NPP,"Armless Height Adjustable Task Stool, Polypropylene Seat & Back",Armless Stools 
Stream,2074NPU,"Armless Height Adjustable Task Stool, Upholstered Seat & Polypropylene Back",Armless Stools 
Stream,2074NUU,"Armless Height Adjustable Task Stool, Upholstered Seat & Back",Armless Stools 
Stream,2075APP,"Armchair, Polypropylene Seat & Back",Four-Legged Chairs
Stream,2075APU,"Armchair, Upholstered Seat & Polypropylene Back",Four-Legged Chairs
Stream,2075AUU,"Armchair, Upholstered Seat & Back",Four-Legged Chairs
Stream,2075NPP,"Armless Chair, Polypropylene Seat & Back",Armless Four-Legged Chairs
Stream,2075NPU,"Armless Chair, Upholstered Seat & Polypropylene Back",Armless Four-Legged Chairs
Stream,2075NUU,"Armless Chair, Upholstered Seat & Back",Armless Four-Legged Chairs
Stream,2075APPT,"Armchair with Tablet, Polypropylene Seat & Back",Four-Legged Chairs
Stream,2075APUT,"Armchair with Tablet, Upholstered Seat & Polypropylene Back",Four-Legged Chairs
Stream,2075AUUT,"Armchair with Tablet, Upholstered Seat & Back",Four-Legged Chairs
Stream,2075NPPT,"Armless Chair with Tablet, Polypropylene Seat & Back",Armless Four-Legged Chairs
Stream,2075NPUT,"Armless Chair with Tablet, Upholstered Seat & Polypropylene Back",Armless Four-Legged Chairs
Stream,2075NUUT,"Armless Chair with Tablet, Upholstered Seat & Back",Armless Four-Legged Chairs
Stream,2075BRAPP,"Armchair with Backpack Rack, Polypropylene Seat & Back",Four-Legged Chairs
Stream,2075BRAPU,"Armchair with Backpack Rack, Upholstered Seat & Polypropylene Back",Four-Legged Chairs
Stream,2075BRAUU,"Armchair with Backpack Rack, Upholstered Seat & Back",Four-Legged Chairs
Stream,2075BRNPP,"Armless Chair with Backpack Rack, Polypropylene Seat & Back",Armless Four-Legged Chairs
Stream,2075BRNPU,"Armless Chair with Backpack Rack, Upholstered Seat & Polypropylene Back",Armless Four-Legged Chairs
Stream,2075BRNUU,"Armless Chair with Backpack Rack, Upholstered Seat & Back",Armless Four-Legged Chairs
Stream,2075BRAPPT,"Armchair with Backpack Rack and Tablet, Polypropylene Seat & Back",Four-Legged Chairs
Stream,2075BRAPUT,"Armchair with Backpack Rack and Tablet, Upholstered Seat & Polypropylene Back",Four-Legged Chairs
Stream,2075BRAUUT,"Armchair with Backpack Rack and Tablet, Upholstered Seat & Back",Four-Legged Chairs
Stream,2075BRNPPT,"Armless Chair with Backpack Rack and Tablet, Polypropylene Seat & Back",Armless Four-Legged Chairs
Stream,2075BRNPUT,"Armless Chair with Backpack Rack and Tablet, Upholstered Seat & Polypropylene Back",Armless Four-Legged Chairs
Stream,2075BRNUUT,"Armless Chair with Backpack Rack and Tablet, Upholstered Seat & Back",Armless Four-Legged Chairs
Stream,2076APP,"Armchair with Sled Base, Polypropylene Seat & Back",Four-Legged Chairs
Stream,2076APU,"Armchair with Sled Base, Upholstered Seat & Polypropylene Back",Four-Legged Chairs
Stream,2076AUU,"Armchair with Sled Base, Upholstered Seat & Back",Four-Legged Chairs
Stream,2076NPP,"Armless Chair with Sled Base, Polypropylene Seat & Back",Armless Four-Legged Chairs
Stream,2076NPU,"Armless Chair with Sled Base, Upholstered Seat & Polypropylene Back",Armless Four-Legged Chairs
Stream,2076NUU,"Armless Chair with Sled Base, Upholstered Seat & Back",Armless Four-Legged Chairs
Stream,2076APPT,"Armchair with Sled Base and Tablet, Polypropylene Seat & Back",Four-Legged Chairs
Stream,2076APUT,"Armchair with Sled Base and Tablet, Upholstered Seat & Polypropylene Back",Four-Legged Chairs
Stream,2076AUUT,"Armchair with Sled Base and Tablet, Upholstered Seat & Back",Four-Legged Chairs
Stream,2076NPPT,"Armless Chair with Sled Base and Tablet, Polypropylene Seat & Back",Armless Four-Legged Chairs
Stream,2076NPUT,"Armless Chair with Sled Base and Tablet, Upholstered Seat & Polypropylene Back",Armless Four-Legged Chairs
Stream,2076NUUT,"Armless Chair with Sled Base and Tablet, Upholstered Seat & Back",Armless Four-Legged Chairs
Stream,2073APPPB,"Tilter, Polypropylene Seat & Back, Pedestal Base",Pedestal Base
Stream,2073APUPB,"Tilter, Upholstered Seat & Polypropylene Back, Pedestal Base",Pedestal Base
Stream,2073AUUPB,"Tilter, Upholstered Seat & Back, Pedestal Base",Pedestal Base
Stream,2073NPPPB,"Armless Tilter, Polypropylene Seat & Back, Pedestal Base",Armless Pedestal Base
Stream,2073NPUPB,"Armless Tilter, Upholstered Seat & Polypropylene Back, Pedestal Base",Armless Pedestal Base
Stream,2073NUUPB,"Armless Tilter, Upholstered Seat & Back, Pedestal Base",Armless Pedestal Base
Stream,2074APPPB,"Task, Polypropylene Seat & Back, Pedestal Base",Pedestal Base
Stream,2074APUPB,"Task, Upholstered Seat & Polypropylene Back, Pedestal Base",Pedestal Base
Stream,2074AUUPB,"Task, Upholstered Seat & Back, Pedestal Base",Pedestal Base
Stream,2074NPPPB,"Armless Task, Polypropylene Seat & Back, Pedestal Base",Armless Pedestal Base
Stream,2074NPUPB,"Armless Task, Upholstered Seat & Polypropylene Back, Pedestal Base",Armless Pedestal Base
Stream,2074NUUPB,"Armless Task, Upholstered Seat & Back, Pedestal Base",Armless Pedestal Base
Stream,2075BSAPP,"Bar Stool with Arms, Polypropylene Seat & Back",Stools
Stream,2075BSAPU,"Bar Stool with Arms, Upholstered Seat & Polypropylene Back",Stools
Stream,2075BSAUU,"Bar Stool with Arms, Upholstered Seat & Back",Stools
Stream,2075BSNPP,"Armless Bar Stool, Polypropylene Seat & Back",Armless Stools
Stream,2075BSNPU,"Armless Bar Stool, Upholstered Seat & Polypropylene Back",Armless Stools
Stream,2075BSNUU,"Armless Bar Stool, Upholstered Seat & Back",Armless Stools
Stream,2075CSAPP,"Counter Stool with Arms, Polypropylene Seat & Back",Stools
Stream,2075CSAPU,"Counter Stool with Arms, Upholstered Seat & Polypropylene Back",Stools
Stream,2075CSAUU,"Counter Stool with Arms, Upholstered Seat & Back",Stools
Stream,2075CSNPP,"Armless Counter Stool, Polypropylene Seat & Back",Armless Stools
Stream,2075CSNPU,"Armless Counter Stool, Upholstered Seat & Polypropylene Back",Armless Stools
Stream,2074NUU,"Armless Height Adjustable Task Stool, Upholstered Seat & Back",Armless Stools
Spritz,6761-4,Tilter ,Task Seating
Spritz,6761-8,Weight Sensing Synchro-Tilter,Task Seating
Spritz,6762-6,Task ,Task Seating
Spritz,6763-6,Armless Task,Armless Task Seating
Spritz,6764,"Armless Flip Seat Nesting Chair, Glides",Armless Task Chairs
Spritz,6764C,"Armless Flip Seat Nesting Chair, Casters",Armless Task Chairs
Spritz,6764FC,"Armless Flip Seat Nesting Chair, Front Casters",Armless Task Chairs
Spritz,6765,"Flip Seat Nesting Armchair, Glides",Task Chairs
Spritz,6765C,"Flip Seat Nesting Armchair, Casters",Task Chairs
Spritz,6765FC,"Flip Seat Nesting Armchair, Front Casters",Task Chairs
Spritz,6766-4,Tilter with Adjustable Headrest,Task Seating
Spritz,6766-8,Weight Sensing Synchro-Tilter with Adjustable Headrest,Task Seating
Spritz,6767-6,Armless Height Adjustable Stool,Armless Stools
Spritz,6768-6,Height Adjustable Stool,Stools
Spritz,6762-6PB,"Task Chair, Pedestal Base",Pedestal Base
Spritz,6763-6PB,"Armless Task Chair, Pedestal Base",Armless Pedestal Base
G20,6007,High Back Synchro-Tilter Mesh Chair,Task Seating
ObusForme,4430,"High Back Multi-Tilter, Lumbar Pad/Headrest",Task Seating
ObusForme,4432,Medium Back Multi-Tilter,Task Seating
ObusForme Comfort XL,1251-0,Extended High Back Wide & Deep Synchro-Tilter,Task Seating
ObusForme Comfort XL,1251-3,Extended High Back Wide & Deep Multi-Tilter,Task Seating
ObusForme Comfort XL,1251-8,Extended High Back Wide & Deep Weight Sensing Synchro-Tilter,Task Seating
ObusForme Comfort XL,1252-0,High Back Wide & Deep Synchro-Tilter,Task Seating
ObusForme Comfort XL,1252-3,High Back Wide & Deep Multi-Tilter,Task Seating
ObusForme Comfort XL,1252-8,High Back Wide & Deep Weight Sensing Synchro-Tilter,Task Seating
ObusForme Comfort XL,1253-0,Medium Back Wide & Deep Synchro-Tilter,Task Seating
ObusForme Comfort XL,1253-3,Medium Back Wide & Deep Multi-Tilter,Task Seating
ObusForme Comfort XL,1253-8,Medium Back Wide and Deep Weight Sensing Synchro-Tilter,Task Seating
ObusForme Comfort XL,1254-0,Extended Wide High Back Standard Depth Synchro-Tilter,Task Seating
ObusForme Comfort XL,1254-3,Extended Wide High Back Standard Depth Multi-Tilter,Task Seating
ObusForme Comfort XL,1254-8,Extended Wide High Back Standard Depth Weight Sensing Synchro-Tilter,Task Seating
ObusForme Comfort XL,1255-0,High Back Wide Standard Depth Synchro-Tilter,Task Seating
ObusForme Comfort XL,1255-3,High Back Wide Standard Depth Multi-Tilter,Task Seating
ObusForme Comfort XL,1255-8,High Back Wide Standard Depth Weight Sensing Synchro-Tilter,Task Seating
ObusForme Comfort XL,1256-0,Medium Back Wide Standard Depth Synchro-Tilter,Task Seating
ObusForme Comfort XL,1256-3,Medium Back Wide Standard Depth Multi-Tilter,Task Seating
ObusForme Comfort XL,1256-8,Medium Back Wide Standard Depth Weight Sensing Synchro-Tilter,Task Seating
Loover,2660-0,Extended High Back Synchro-Tilter,Task Seating
Loover,2660-3,Extended High Back Multi-Tilter,Task Seating
Loover,2660-4,Extended High Back Tilter,Task Seating
Loover,2660-8,Extended High Back Weight Sensing Synchro-Tilter,Task Seating
Loover,2661-0,High Back Synchro-Tilter,Task Seating
Loover,2661-3,High Back Multi-Tilter,Task Seating
Loover,2661-4,High Back Tilter,Task Seating
Loover,2661-8,High Back Weight Sensing Synchro-Tilter,Task Seating
Loover,2662-0,Medium Back Synchro-Tilter,Task Seating
Loover,2662-3,Medium Back Multi-Tilter,Task Seating
Loover,2662-4,Medium Back Tilter,Task Seating
Loover,2662-8,Medium Back Weight Sensing Synchro-Tilter,Task Seating
Loover,2663-6,Medium Back Height Adjustable Stool,Stools
Granada,3212,Low Back Multi-Tilter,Task Seating
Granada,3217,High Back Multi-Tilter,Task Seating
Granada,3254,"Low Back Task, Armless",Armless Task Seating
Granada,3255,Low Back Task,Task Seating
Aspen,2850-3,"Extended Back Multi-Tilter, Headrest",Task Seating
Aspen,2851-3,High Back Multi-Tilter,Task Seating
Aspen,2852-3,Medium Back Multi-Tilter,Task Seating
Score,2312,"Low Back Task, Armless",Armless Task Seating
Score,2314,Low Back Task,Task Seating
Score,2315,"Low Back Posture Task, Armless",Armless Task Seating
ObusForme Comfort,1240-3,Comfort High Back Multi-Tilter,Task Seating
ObusForme Comfort,1241-2,Medium Back Knee-Tilter ,Task Seating
ObusForme Comfort,1241-3,Medium Back Multi-Tilter,Task Seating
ObusForme Comfort,1260-3,"High Back Multi-Tilter, Schukra",Task Seating
ObusForme Comfort,1261-3,"Medium Back Multi-Tilter, Schukra",Task Seating
Granada Deluxe,1170-3,High Back Multi-Tilter,Task Seating
Granada Deluxe,1171-3,Medium Back Multi-Tilter,Task Seating
Granada Deluxe,TS1170-3,High Back Heavy Duty Multi-Tilter,Task Seating
Granada Deluxe,TS1171-3,Medium Back Heavy Duty Multi-Tilter,Task Seating
Triumph,3650-3,High Back Multi-Tilter,Task Seating
Triumph,3650-8,High Back Weight Sensing Synchro-Tilter,Task Seating
Triumph,3651-3,Medium Back Multi-Tilter,Task Seating
Triumph,3651-8,Medium Back Weight Sensing Synchro-Tilter,Task Seating
Malaga,3140-3,High Back Multi-Tilter,Task Seating
Malaga,3141-3,Low Back Multi-Tilter,Task Seating
Aurora,1220-3,High Back Multi-Tilter,Task Seating
Aurora,1221-3,Medium Back Multi-Tilter,Task Seating
Tye,1950-3,High Back Multi-Tilter,Task Seating
Tye,1950-4,High Back Tilter,Task Seating
Tye,1951-3,Medium Back Multi-Tilter,Task Seating
Tye,1951-4,Medium Back Tilter,Task Seating
Tye,1952-6,Low Back Task,Task Seating
Echo,3670-3,High Back Multi-Tilter,Task Seating
Echo,3671-3,Medium Back Multi-Tilter,Task Seating
Yorkdale,2340-3,High Back Multi-Tilter,Task Seating
Yorkdale,2341-3,Low Back Multi-Tilter,Task Seating
Yorkdale,2341-6,Low Back Task Chair,Task Seating
Supra X,5333-3,High Back Multi-Tilter,Task Seating
Supra X,5336-1,Medium Back Synchro-Tilter ,Task Seating
Supra X,5336-3,Medium Back Multi-Tilter,Task Seating
Supra X,5337-6,"Medium Back Task, Armless",Armless Task Seating
Supra X,5338-6,Medium Back Height Adjustable Stool,Stools
Supra X,5339-6,"Medium Back Height Adjustable Stool, Armless",Armless Stools
Truform,5450-3,High Back Multi-Tilter,Task Seating
Truform,5450-4,High Back Tilter,Task Seating
Truform,5450-8,High Back Weight Sensing Synchro-Tilter,Task Seating
Truform,5451-0,Medium Back Synchro-Tilter,Task Seating
Truform,5451-3,Medium Back Multi-Tilter,Task Seating
Truform,5451-4,Medium Back Tilter,Task Seating
Lite,5451-4,Armless Chair,Armless Guest Seating
Lite,5940C,"Chair with Casters, Armless",Armless Guest Seating
Lite,5941,"Armchair, Cantilever Arms",Guest Seating
Lite,5941C,"Armchair, Cantilever Arms & Casters",Guest Seating
Lite,5942,"Armchair, Loop Arms",Guest Seating
Lite,5942C,"Armchair, Loop Arms & Casters ",Guest Seating
Lite,5943,"Armless Chair, Cantilever Frame",Armless Guest Seating
Lite,5944,"Armchair, Cantilever Arms & Frame",Guest Seating
Lite,5945,"Armchair, Loop Arms & Cantilever Frame",Guest Seating
Lite,5950,Armless Upholstered Chair,Armless Guest Seating
Lite,5950C,"Armless Upholstered Chair, Casters",Armless Guest Seating
Lite,5951,"Upholstered Armchair, Cantilever Arm",Guest Seating
Lite,5951C,"Upholstered Armchair, Cantilever Arms & Casters",Guest Seating
Lite,5952,"Upholstered Armchair, Loop Arms",Guest Seating
Lite,5952C,"Upholstered Armchair, Loop Arms & Casters",Guest Seating
Lite,5953,"Armless Upholstered Chair, Cantilever Frame",Armless Guest Seating
Lite,5954,"Upholstered Armchair, Cantilever Arms & Frame",Guest Seating
Lite,5955,"Upholstered Armchair, Loop Arms & Cantilever Frame",Guest Seating
Sonic,6537,"Armless Task Chair, Polypropylene Seat & Back",Armless Task Seating
Sonic,6537MB,"Armless Task Chair, Polypropylene Seat & Mesh Back",Armless Task Seating
Sonic,6538,"Armless Task Chair, Upholstered Seat & Polypropylene Back",Armless Task Seating
Sonic,6538MB,"Armless Task Chair, Upholstered Seat & Mesh Back",Armless Task Seating
Sonic,6539,"Armless Task Chair, Upholstered Seat & Back",Armless Task Seating
Sonic,6567,"Task Chair, Polypropylene Seat & Back",Task Seating
Sonic,6567MB,"Task Chair, Polypropylene Seat & Mesh Back",Task Seating
Sonic,6568,"Task Chair, Upholstered Seat & Polypropylene Back",Task Seating
Sonic,6568MB,"Task Chair, Upholstered Seat & Mesh Back",Task Seating
Sonic,6569,"Task Chair, Upholstered Seat & Back",Task Seating
Sonic,6508,"Armless Chair, Polypropylene Seat & Back",Armless Guest Seating
Sonic,6508WS,"Armless Chair, Polypropylene Seat & Back, Wall Saver Frame",Armless Guest Seating
Sonic,6508MB,"Armless Chair, Polypropylene Seat & Mesh Back",Armless Guest Seating
Sonic,6508WSMB,"Armless Chair, Polypropylene Seat & Mesh Back, Wall Saver Frame",Armless Guest Seating
Sonic,6508TL,"Armless Chair with Left Tablet, Polypropylene Seat & Back",Armless Guest Seating
Sonic,6508TLWS,"Armless Chair with Left Tablet, Polypropylene Seat & Back, Wall Saver Frame",Armless Guest Seating
Sonic,6508TR,"Armless Chair with Right Tablet, Polypropylene Seat & Back",Armless Guest Seating
Sonic,6508TRWS,"Armless Chair with Right Tablet, Polypropylene Seat & Back, Wall Saver Frame",Armless Guest Seating
Sonic,6508TLMB,"Armless Chair with Left Tablet, Polypropylene Seat & Mesh Back",Armless Guest Seating
Sonic,6508TLWSMB,"Armless Chair with Left Tablet, Polypropylene Seat & Mesh Back, Wall Saver Frame",Armless Guest Seating
Sonic,6508TRMB,"Armless Chair with Right Tablet, Polypropylene Seat & Mesh Back",Armless Guest Seating
Sonic,6508TRWSMB,"Armless Chair with Right Tablet, Polypropylene Seat & Mesh Back, Wall Saver Frame",Armless Guest Seating
Sonic,6509,"Armless Chair, Upholstered Seat & Polypropylene Back",Armless Guest Seating
Sonic,6509WS,"Armless Chair, Upholstered Seat & Polypropylene Back, Wall Saver Frame",Armless Guest Seating
Sonic,6509MB,"Armless Chair, Upholstered Seat & Mesh Back",Armless Guest Seating
Sonic,6509WSMB,"Armless Chair, Upholstered Seat & Mesh Back, Wall Saver Frame",Armless Guest Seating
Sonic,6509TL,"Armless Chair with Left Tablet, Upholstered Seat & Polypropylene Back",Armless Guest Seating
Sonic,6509TLWS,"Armless Chair with Left Tablet, Upholstered Seat & Polypropylene Back, Wall Saver Frame",Armless Guest Seating
Sonic,6509TR,"Armless Chair with Right Tablet, Upholstered Seat & Polypropylene Back",Armless Guest Seating
Sonic,6509TRWS,"Armless Chair with Right Tablet, Upholstered Seat & Polypropylene Back, Wall Saver Frame",Armless Guest Seating
Sonic,6509TLMB,"Armless Chair with Left Tablet, Upholstered Seat & Mesh Back ",Armless Guest Seating
Sonic,6509TLWSMB,"Armless Chair with Left Tablet, Upholstered Seat & Mesh Back, Wall Saver Frame",Armless Guest Seating
Sonic,6509TRMB,"Armless Chair with Right Tablet, Upholstered Seat & Mesh Back",Armless Guest Seating
Sonic,6509TRWSMB,"Armless Chair with Right Tablet, Upholstered Seat & Mesh Back, Wall Saver Frame",Armless Guest Seating
Sonic,6511,"Armless Chair, Upholstered Seat & Back",Armless Guest Seating
Sonic,6511WS,"Armless Chair, Upholstered Seat & Back, Wall Saver Frame",Armless Guest Seating
Sonic,6511TL,"Armless Chair with Left Tablet, Upholstered Seat & Back",Armless Guest Seating
Sonic,6511TR,"Armless Chair with Right Tablet, Upholstered Seat & Back",Armless Guest Seating
Sonic,6513,"Armchair, Polypropylene Seat & Back",Guest Seating
Sonic,6513WS,"Armchair, Polypropylene Seat & Back, Wall Saver Frame",Guest Seating
Sonic,6513MB,"Armchair, Polypropylene Seat & Mesh Back",Guest Seating
Sonic,6513WSMB,"Armchair, Polypropylene Seat & Mesh Back, Wall Saver Frame",Guest Seating
Sonic,6514,"Armchair, Upholstered Seat & Polypropylene Back",Guest Seating
Sonic,6514WS,"Armchair, Upholstered Seat & Polypropylene Back, Wall Saver Frame",Guest Seating
Sonic,6514MB,"Armchair, Upholstered Seat & Mesh Back",Guest Seating
Sonic,6514WSMB,"Armchair, Upholstered Seat & Mesh Back, Wall Saver Frame",Guest Seating
Sonic,6515,"Armchair, Upholstered Seat & Back",Guest Seating
Sonic,6515WS,"Armchair, Upholstered Seat & Back, Wall Saver Frame",Guest Seating
Sonic,6573,"Armchair, Polypropylene Seat & Back, Casters",Guest Seating
Sonic,6573MB,"Armchair, Polypropylene Seat & Mesh Back, Casters",Guest Seating
Sonic,6574,"Armchair, Upholstered Seat & Polypropylene Back, Casters",Guest Seating
Sonic,6574MB,"Armchair, Upholstered Seat & Mesh Back, Casters",Guest Seating
Sonic,6575,"Armchair, Upholstered Seat & Back, Casters",Guest Seating
Sonic,6577,"Armless Chair, Polypropylene Seat & Back, Casters",Guest Seating
Sonic,6577MB,"Armless Chair, Polypropylene Seat & Mesh Back, Casters",Armless Guest Seating
Sonic,6578,"Armless Chair, Upholstered Seat & Polypropylene Back, Casters",Armless Guest Seating
Sonic,6578MB,"Armless Chair, Upholstered Seat & Mesh Back, Casters",Armless Guest Seating
Sonic,6579,"Armless Chair, Upholstered Seat & Back, Casters",Armless Guest Seating
Sonic,6518,"Armless Chair, Polypropylene Seat & Back, Sled Base",Armless Guest Seating
Sonic,6518WS,"Armless Chair, Polypropylene Seat & Back, Wall Saver Sled Base",Armless Guest Seating
Sonic,6518MB,"Armless Chair, Polypropylene Seat & Mesh Back, Sled Base",Armless Guest Seating
Sonic,6518WSMB,"Armless Chair, Polypropylene Seat & Mesh Back, Wall Saver Sled Base",Armless Guest Seating
Sonic,6519,"Armless Chair, Upholstered Seat & Polypropylene Back, Sled Base",Armless Guest Seating
Sonic,6519WS,"Armless Chair, Upholstered Seat & Polypropylene Back, Wall Saver Sled Base",Armless Guest Seating
Sonic,6519MB,"Armless Chair, Upholstered Seat & Mesh Back, Sled Base",Armless Guest Seating
Sonic,6519WSMB,"Armless Chair, Upholstered Seat & Mesh Back, Wall Saver Sled Base",Armless Guest Seating
Sonic,6521,"Armless Chair, Upholstered Seat & Back, Sled Base",Armless Guest Seating
Sonic,6521WS,"Armless Chair, Upholstered Seat & Back, Wall Saver Sled Base",Armless Guest Seating
Sonic,6523,"Armchair, Polypropylene Seat & Back, Sled Base",Guest Seating
Sonic,6523WS,"Armchair, Polypropylene Seat & Back, Wall Saver Sled Base",Guest Seating
Sonic,6523MB,"Armchair, Polypropylene Seat & Mesh Back, Sled Base",Guest Seating
Sonic,6523WSMB,"Armchair, Polypropylene Seat & Mesh Back, Wall Saver Sled Base",Guest Seating
Sonic,6524,"Armchair, Upholstered Seat & Polypropylene Back, Sled Base",Guest Seating
Sonic,6524WS,"Armchair, Upholstered Seat & Polypropylene Back, Wall Saver Sled Base",Guest Seating
Sonic,6524MB,"Armchair, Upholstered Seat & Mesh Back, Sled Base",Guest Seating
Sonic,6524WSMB,"Armchair, Upholstered Seat & Mesh Back, Wall Saver Sled Base",Guest Seating
Sonic,6525,"Armchair, Upholstered Seat & Back, Sled Base",Guest Seating
Sonic,6525WS,"Armchair, Upholstered Seat & Back, Wall Saver Sled Base",Guest Seating
Sonic,6537PB,"Armless Task Chair, Polypropylene Seat & Back, Pedestal Base",Armless Pedestal Base
Sonic,6537TLPB,"Armless Task Chair with Left Tablet, Polypropylene Seat & Back, Pedestal Base",Armless Pedestal Base
Sonic,6537TRPB,"Armless Task Chair with Right Tablet, Polypropylene Seat & Back, Pedestal Base",Armless Pedestal Base
Sonic,6537MBPB,"Armless Task Chair, Polypropylene Seat & Mesh Back, Pedestal Base",Armless Pedestal Base
Sonic,6537MBTLPB,"Armless Task Chair with Left Tablet, Polypropylene Seat & Mesh Back, Pedestal Base",Armless Pedestal Base
Sonic,6537MBTRPB,"Armless Task Chair with Right Tablet, Polypropylene Seat & Mesh Back, Pedestal Base",Armless Pedestal Base
Sonic,6539PB,"Armless Task Chair, Upholstered Seat & Back, Pedestal Base",Armless Pedestal Base
Sonic,6539TLPB,"Armless Task Chair with Left Tablet, Upholstered Seat & Back, Pedestal Base",Armless Pedestal Base
Sonic,6539TRPB,"Armless Task Chair with Right Tablet, Upholstered Seat & Back, Pedestal Base",Armless Pedestal Base
Sonic,6567PB,"Task Chair, Polypropylene Seat & Back, Pedestal Base",Pedestal Base
Sonic,6567TLPB,"Task Chair with Left Tablet, Polypropylene Seat & Back, Pedestal Base",Pedestal Base
Sonic,6567TRPB,"Task Chair with Right Tablet, Polypropylene Seat & Back, Pedestal Base",Pedestal Base
Sonic,6567MBPB,"Task Chair, Polypropylene Seat & Mesh Back, Pedestal Base",Pedestal Base
Sonic,6567MBTLPB,"Task Chair with Left Tablet, Polypropylene Seat & Mesh Back, Pedestal Base",Pedestal Base
Sonic,6567MBTRPB,"Task Chair with Right Tablet, Polypropylene Seat & Mesh Back, Pedestal Base",Pedestal Base
Sonic,6569PB,"Task Chair, Upholstered Seat & Back, Pedestal Base",Pedestal Base
Sonic,6569TLPB,"Task Chair with Left Tablet, Upholstered Seat & Back, Pedestal Base",Pedestal Base
Sonic,6569TRPB,"Task Chair with Right Tablet, Upholstered Seat & Back, Pedestal Base",Pedestal Base
Sonic,6558,"Armless Bar Stool, Polypropylene Seat & Back",Armless Stools
Sonic,6558CS,"Armless Counter Stool, Polypropylene Seat & Back",Armless Stools
Sonic,6558CSMB,"Armless Counter Stool, Polypropylene Seat & Mesh Back",Armless Stools
Sonic,6558MB,"Armless Bar Stool, Polypropylene Seat & Mesh Back",Armless Stools
Sonic,6559,"Armless Bar Stool, Upholstered Seat & Polypropylene Back",Armless Stools
Sonic,6559CS,"Armless Counter Stool, Upholstered Seat & Polypropylene Back",Armless Stools
Sonic,6559CSMB,"Armless Counter Stool, Upholstered Seat & Mesh Back",Armless Stools
Sonic,6559MB,"Armless Bar Stool, Upholstered Seat & Mesh Back",Armless Stools
Sonic,6561,"Armless Bar Stool, Upholstered Seat & Back",Armless Stools
Sonic,6561CS,"Armless Counter Stool, Upholstered Seat & Back",Armless Stools
Sonic,6563,"Bar Stool with Arms, Polypropylene Seat & Back",Stools
Sonic,6563CS,"Counter Stool with Arms, Polypropylene Seat & Back",Stools
Sonic,6563CSMB,"Counter Stool with Arms, Polypropylene Seat & Mesh Back",Stools
Sonic,6563MB,"Bar Stool with Arms, Polypropylene Seat & Mesh Back",Stools
Sonic,6564,"Bar Stool with Arms, Upholstered Seat & Polypropylene Back ",Stools
Sonic,6564CS,"Counter Stool with Arms, Upholstered Seat & Polypropylene Back",Stools
Sonic,6564CSMB,"Counter Stool with Arms, Upholstered Seat & Mesh Back",Stools
Sonic,6564MB,"Bar Stool with Arms, Upholstered Seat & Mesh Back",Stools
Sonic,6565,"Bar Stool with Arms, Upholstered Seat & Back",Stools
Sonic,6565CS,"Counter Stool with Arms, Upholstered Seat & Back",Stools